name,locale,attributes
Arabic (102),ar,102key
Albanian,sq,
Arabic (101),ar,
Arabic (102) AZERTY,ar,azerty
Armenian Eastern (Legacy),hy,legacy
Armenian Phonetic,hy,phonetic
Armenian Typewriter,hy,
Armenian Western (Legacy),hy-AREVMDA,
Assamese - INSCRIPT,as,
Azeri Cyrillic,az-Cyrl,
Azeri Latin,az,
Azerbaijani (Standard),az,extended
Bashkir,ba,
Belarusian,be,
Belgian (Comma),de-BE,
Belgian (Comma),fr-BE,
Belgian (Comma),nl-BE,
Belgian (Period),de-BE,var
Belgian (Period),fr-BE,var
Belgian (Period),nl-BE,var
Belgian French,fr-BE,
Bengali,bn,qwerty
Bengali - INSCRIPT,bn,
Bengali - INSCRIPT (Legacy),bn,legacy
Bosnian (Cyrillic),bs-Cyrl,
Buginese,bug,
Bulgarian,bg,
Bulgarian (Latin),bg-Latn,
Bulgarian (Phonetic Traditional),bg,qwerty-legacy
Bulgarian (Phonetic),bg,qwerty
Bulgarian (Typewriter),bg,legacy
Canadian French,fr-CA,var
Canadian French (Legacy),fr-CA,legacy
Canadian Multilingual Standard,fr-CA,
Central Atlas Tamazight,tzm,
Central Kurdish,ckb,
Cherokee Phonetic,chr,phonetic
Cherokee Nation,chr,
"Chinese (Simplified, Singapore) - US",zh-SG,
Chinese (Simplified) - US,zh,
"Chinese (Traditional, Hong Kong S.A.R.) - US",zh-HK,
"Chinese (Traditional, Macao S.A.R.) - US",zh-MO,
Chinese (Traditional) - US,zh-Hant,
Czech,cs,
Czech (QWERTY),cs,qwerty
Czech Programmers,cs,extended
Danish,da,
Devanagari - INSCRIPT,hi,
Divehi Phonetic,dv,
Divehi Typewriter,dv,legacy
Dutch,nl,
Dzongkha,dz,
English (India),en-IN,
Estonian,et,
Faeroese,fo,
Finnish,fi,
Finnish with Sami,fi,extended
French,fr,
Futhark,non,
Georgian (Ergonomic),ka,var
Georgian (Legacy),ka,legacy
Georgian (MES),ka,
Georgian (Old Alphabets),ka,legacy-var
Georgian (QWERTY),ka,qwerty
German,de,
German (IBM),de,extended
Gothic,got,
Greek,el,
Greek (220),el,el220
Greek (220) Latin,el-Latn,el220
Greek (319),el,el319
Greek (319) Latin,el-Latn,el319
Greek Latin,el-Latn,
Greek Polytonic,el-POLYTON,
Greenlandic,kl,
Guarani,gn,
Gujarati,gu,
Hausa,ha,
Hawaiian,haw,
Hebrew,he,
Hebrew (Standard),he,extended
Hindi Traditional,hi,legacy
Hungarian,hu,
Hungarian 101-key,hu,101key
Icelandic,is,
Igbo,ig,
Inuktitut - Latin,iu,var
Inuktitut - Naqittaut,iu,
Irish,ga,
Italian,it,
Italian (142),it,var
Japanese,ja,
Javanese,jv,
Kannada,kn,
Kazakh,kk,
Khmer,km,
Khmer (NIDA),km,extended
Korean,ko,
Kyrgyz Cyrillic,ky,
Lao,lo,
Latin American,es-419,
Latvian,lv,
Latvian (QWERTY),lv,qwerty
Latvian (Standard),lv,extended
Lisu (Basic),lis,
Lisu (Standard),lis,extended
Lithuanian,lt,
Lithuanian IBM,lt,lt1205
Lithuanian Standard,lt,lt1582
Luxembourgish,lb,
Macedonian (FYROM),mk,legacy
Macedonian (FYROM) - Standard,mk,
Malayalam,ml,
Maltese 47-Key,mt,101key
Maltese 48-Key,mt,
Maori,mi,
Marathi,mr,
Mongolian (Mongolian Script),mn-Mong,
Mongolian Cyrillic,mn,
Traditional Mongolian (Standard),mn-Mong,extended
Myanmar,my,
Nepali,ne,
New Tai Lue,khb,
Nâ€™Ko,bm,
Norwegian,nb,
Norwegian with Sami,nb,extended
Odia,or,
Ogham,ga-Ogam,
Ol Chiki,sat-Olck,
Old Italic,la-Ital,
Osmanya,so-Osma,
Pashto (Afghanistan),ps,
Persian,fa,
Persian (Standard),fa,extended
Phags-pa,mn-Phag,
Polish (214),pl,
Polish (Programmers),pl,extended
Portuguese,pt-PT,
Portuguese (Brazil ABNT),pt,
Portuguese (Brazil ABNT2),pt,var
Punjabi,pa,
Romanian (Legacy),ro,legacy
Romanian (Programmers),ro,extended
Romanian (Standard),ro,
Russian,ru,
Russian (Typewriter),ru,legacy
Russian - Mnemonic,ru,phonetic
Sakha,sah,
Sami Extended Finland-Sweden,se-FI,
Sami Extended Finland-Sweden,se-SE,
Sami Extended Norway,se,
Scottish Gaelic,gd,
Serbian (Cyrillic),sr,
Serbian (Latin),sr-Latn,
Sesotho sa Leboa,nso,
Setswana,tn,
Sinhala,si,legacy
Sinhala - Wij 9,si,
Slovak,sk,
Slovak (QWERTY),sk,qwerty
Slovenian,sl,
Sora,srb,
Sorbian Extended,dsb,extended
Sorbian Standard,dsb,
Sorbian Standard (Legacy),dsb,legacy
Spanish,es,
Spanish Variation,es,extended
Swedish,sv,
Swedish with Sami,sv,extended
Swiss French,fr-CH,
Swiss German,de-CH,
Syriac,syr,
Syriac Phonetic,syr,qwerty
Tai Le,khb-Tale,
Tajik,tg,
Tamil,ta,
Tatar,tt,
Tatar (Legacy),tt,legacy
Telugu,te,
Thai Kedmanee,th,
Thai Kedmanee (non-ShiftLock),th,var
Thai Pattachote,th,patta
Thai Pattachote (non-ShiftLock),th,patta-var
Tibetan (PRC),bo,
Tibetan (PRC) - Updated,bo,extended
Tifinagh (Basic),tmh,
Tifinagh (Extended),tmh,extended
Turkish F,tr,legacy
Turkish Q,tr,
Turkmen,tk,
Ukrainian,uk,
Ukrainian (Enhanced),uk,extended
United Kingdom,en-GB,
United Kingdom Extended,en-GB,extended
United States-Dvorak,en,dvorak
United States-Dvorak for left hand,en,dvorakl
United States-Dvorak for right hand,en,dvorakr
United States-International,en,extended
Urdu,ur,
US,en,
US English Table for IBM Arabic 238_L,en,var
Uyghur,ug,
Uyghur (Legacy),ug,legacy
Uzbek Cyrillic,uz,
Vietnamese,vi,
Wolof,wo,
Yoruba,yo,
